car,generation_years,body_descriptor,signature_colors,signature_wheel_and_finish,sample_blurb,safe_text_options,avoid_on_shirt,prompt_snippet
Corvette C4,1984-1996,"angular 80s/90s wedge sports coupe, pop-up headlights, long hood fastback","Bright Red, Black, Competition Yellow, White","iconic ""sawblade"" directional turbine wheels, silver machined or gloss black","Sharp-edged and built for an era when wedges ruled the street. Raw American attitude with pop-up swagger.","C4, American Icon, 80s Wedge, Pop-Up Legend, V8","Corvette, Chevrolet, crossed-flags logo, ZR-1, Stingray","angular 80s/90s American wedge sports coupe with pop-up headlights and long fastback, on iconic sawblade directional turbine wheels (silver machined or gloss black), de-badged"
Corvette C5,1997-2004,"smooth rounded late-90s sports coupe, fixed pop-up-era headlights, wide low fastback","Millennium Yellow, Torch Red, Black, Speedway White","Z06 split five-spoke, gloss black with machined lip","Low, wide, and unapologetically aggressive. Where raw American horsepower meets precision attitude, built to dominate streets and tracks alike.","C5, V8, American Muscle, Low & Wide, Track Bred","Corvette, Chevrolet, crossed-flags logo, Z06","smooth rounded late-90s American sports coupe (long hood, low wide fastback), on gloss black Z06-style split five-spoke wheels with machined lip, lowered stance, de-badged"
Corvette C6,2005-2013,"sculpted mid-2000s sports coupe, exposed sharp headlights, muscular fenders","Atomic Orange, Velocity Yellow, Victory Red, Black","Z06 ""Spyder"" wide split five-spoke, gloss black","Sculpted curves and big-displacement fury. A modern American classic built for drivers who demand precision and power.","C6, V8, American Muscle, LS Power","Corvette, Chevrolet, crossed-flags logo, Z06, ZR1","sculpted mid-2000s American sports coupe with exposed sharp headlights and muscular fenders, on aggressive gloss black Spyder-style wide split five-spoke wheels, de-badged"
Corvette C7,2014-2019,"angular aggressive 2010s sports coupe, sharp LED headlights, creased panels, quad exhaust","Torch Red, Laguna Blue, Velocity Yellow, Black","Z06 spider / Grand Sport ""Cup"" V-spoke, gloss black","Razor-sharp design and track-ready power. Bold, brutal, and built to turn every highway into a runway.","C7, V8, American Muscle, Track Bred","Corvette, Chevrolet, crossed-flags logo, Stingray, Z06","angular aggressive 2010s American sports coupe with sharp LED headlights, creased panels and quad center exhaust, on gloss black Cup-style V-spoke wheels, de-badged"
Corvette C8,2020-present,"mid-engine exotic-style American supercar, sharp angular body, large side intakes","Accelerate Yellow, Sebring Orange, Rapid Blue, Torch Red","factory five-spoke / split-spoke (Z51), satin black","Mid-engine revolution. Supercar proportions with an all-American heart, redefining what muscle means.","C8, V8, Mid-Engine, American Supercar","Corvette, Chevrolet, crossed-flags logo, Z51 badge","mid-engine American supercar with sharp angular body and large side intakes, on satin black factory-style split-spoke wheels, de-badged"
Mustang GT (modern),2015-present,"modern American muscle fastback coupe, aggressive grille, tri-bar taillights","Grabber Blue, Race Red, Twister Orange, Oxford White, Black","Forgestar multi-spoke / 5-spoke drag, satin black","Tire-smoking American muscle with a snarl you feel in your chest. Built to launch and built to last.","5.0, American Muscle, Pony Power, V8","Mustang, Ford, Shelby, GT350, GT500, pony logo","modern American muscle fastback coupe with aggressive grille and tri-bar taillights, on satin black multi-spoke wheels, lowered aggressive stance, de-badged"
Supra MK4,1993-2002,"curvy 90s Japanese GT coupe, round headlights, large rear wing","Renaissance Red, Black, White, Orange","Volk Racing TE37 (RAYS) six-spoke, bronze/gold","The turbocharged inline-six legend. 90s JDM royalty with limitless potential and a soundtrack to match.","JDM Legend, Inline-6, Turbo Era, 90s JDM","Supra, Toyota, 2JZ (borderline), badge","curvy 90s Japanese GT coupe with round headlights and large rear wing, on bronze Volk TE37-style six-spoke JDM wheels, lowered stance, de-badged"
Skyline R34 GT-R,1999-2002,"boxy aggressive late-90s Japanese AWD coupe, square quad taillights, large rear wing","Bayside Blue, Midnight Purple, White, Black, Silver","Volk Racing TE37 bronze / factory BBS forged gold","The all-wheel-drive legend from the streets of 90s Japan. Boxed, brutal, and built to dominate.","JDM King, AWD Legend, Twin-Turbo, 90s JDM","Skyline, Nissan, GT-R, RB26 (borderline), Godzilla (Toho TM)","boxy aggressive late-90s Japanese AWD coupe with square quad taillights and large rear wing, on bronze Volk TE37-style six-spoke wheels, lowered stance, de-badged"
Challenger SRT / Hellcat,2008-2023,"modern retro-styled American muscle coupe, wide body, quad headlights, long hood","B5 Blue, Plum Crazy purple, TorRed, F8 Green, Destroyer Grey, Black","Hellcat five-spoke 20-inch, low-gloss / satin black","Supercharged, retro-styled, and built to intimidate. Modern muscle with old-school menace.","Supercharged, American Muscle, 707, V8","Hellcat, Dodge, SRT, Challenger, Brotherhood of Muscle","modern retro-styled American muscle coupe with wide body, quad headlights and long hood, on satin black five-spoke 20-inch wheels, aggressive wide stance, de-badged"
